Dbkey,Station,Site,Group Name,Data Type,Frequency,Statistic Type,Recorder,Agency,Start Date,End Date,Strata,County,Op Num,Latitude,Longitude,X COORD,Y COORD,Basin,Structure Type,Section,Township,Range
HA469,ALL2R,ALL2,ALL2,RAIN,DA,SUM,CR10,WMD,2/19/1998,8/21/2018,0,OSC,,281155.095,811423.659,578893.976,1404997.867,ALLIGATO,,29,26,31
IW783,ALL2R,ALL2,ALL2,RAIN,BK,INST,CR10,WMD,2/19/1998,8/22/2018,0,OSC,,281155.095,811423.659,578893.976,1404997.867,ALLIGATO,,29,26,31
VM868,ALL2R,ALL2,ALL2,RAIN,DA,SUM,NRG,WMD,10/1/2007,7/1/2018,0,OSC,,281155.095,811423.659,578893.976,1404997.867,ALLIGATO,,29,26,31
VM869,ALL2R,ALL2,ALL2,RAIN,BK,INST,NRG,WMD,10/1/2007,7/1/2018,0,OSC,,281155.095,811423.659,578893.976,1404997.867,ALLIGATO,,29,26,31
06045,ARS B0_R,WLNB,WLNB,RAIN,DA,SUM,????,USDA,11/16/1977,10/26/1992,0,OKE,,271916.841,805028.892,707677.131,1086019.928,S191,,21,36,35
15582,ARS B0_R,WLNB,WLNB,RAIN,DA,SUM,CR10,WMD,10/6/1992,8/21/2018,0,OKE,,271916.841,805028.892,707677.131,1086019.928,S191,,21,36,35
IW795,ARS B0_R,WLNB,WLNB,RAIN,BK,INST,CR10,WMD,10/6/1992,8/22/2018,0,OKE,,271916.841,805028.892,707677.131,1086019.928,S191,,21,36,35
VN422,ARS B0_R,WLNB,WLNB,RAIN,DA,SUM,NRG,WMD,10/1/2007,7/1/2018,0,OKE,,271916.841,805028.892,707677.131,1086019.928,S191,,21,36,35
VN423,ARS B0_R,WLNB,WLNB,RAIN,BK,INST,NRG,WMD,10/1/2007,7/1/2018,0,OKE,,271916.841,805028.892,707677.131,1086019.928,S191,,21,36,35
05857,BASING_R,BASING,BASING,RAIN,DA,SUM,????,WMD,2/22/1972,11/18/2003,0,OKE,,272413.143,810041.218,652451.863,1115905.505,S-65D,,27,35,33
IW802,BASING_R,BASING,BASING,RAIN,BK,INST,2A35,WMD,2/22/1972,11/18/2003,0,OKE,,272413.143,810041.218,652451.863,1115905.505,S-65D,,27,35,33
QS264,BASING_R,BASING,BASING,RAIN,DA,SUM,CR10,WMD,11/20/2003,8/21/2018,0,OKE,,272413.143,810041.218,652451.863,1115905.505,S-65D,,27,35,33
QS265,BASING_R,BASING,BASING,RAIN,BK,INST,CR10,WMD,11/20/2003,8/22/2018,0,OKE,,272413.143,810041.218,652451.863,1115905.505,S-65D,,27,35,33
VM901,BASING_R,BASING,BASING,RAIN,DA,SUM,NRG,WMD,10/1/2007,7/1/2018,0,OKE,,272413.143,810041.218,652451.863,1115905.505,S-65D,,27,35,33
VM902,BASING_R,BASING,BASING,RAIN,BK,INST,NRG,WMD,10/1/2007,7/1/2018,0,OKE,,272413.143,810041.218,652451.863,1115905.505,S-65D,,27,35,33
06047,BASSETT_R,BSET,BSET,RAIN,DA,SUM,????,USDA,10/1/1955,10/26/1992,0,OKE,,272441.143,805516.211,681741.258,1118740.871,S191,,22,35,34
15577,BASSETT_R,BSET,BSET,RAIN,DA,SUM,CR10,WMD,6/30/1992,8/21/2018,0,OKE,,272441.143,805516.211,681741.258,1118740.871,S191,,22,35,34
IW807,BASSETT_R,BSET,BSET,RAIN,BK,INST,CR10,WMD,6/30/1992,8/22/2018,0,OKE,,272441.143,805516.211,681741.258,1118740.871,S191,,22,35,34
VM969,BASSETT_R,BSET,BSET,RAIN,DA,SUM,NRG,WMD,10/1/2007,7/1/2018,0,OKE,,272441.143,805516.211,681741.258,1118740.871,S191,,22,35,34
VM970,BASSETT_R,BSET,BSET,RAIN,BK,INST,NRG,WMD,10/1/2007,7/1/2018,0,OKE,,272441.143,805516.211,681741.258,1118740.871,S191,,22,35,34
05841,CREEK_R,CREEKR,CREEKR,RAIN,DA,SUM,BELF,WMD,9/9/1969,1/10/2003,0,POL,,280219.784,812745.4,506940.374,1347106.49,L HATCHI,,19,28,29
IX056,CREEK_R,CREEKR,CREEKR,RAIN,BK,INST,BELF,WMD,9/9/1969,1/10/2003,0,POL,,280219.784,812745.4,506940.374,1347106.49,L HATCHI,,19,28,29
P2035,CREEK_R,CREEKR,CREEKR,RAIN,DA,SUM,CR10,WMD,12/12/2002,8/21/2018,0,POL,,280219.784,812745.4,506940.374,1347106.49,L HATCHI,,19,28,29
P2036,CREEK_R,CREEKR,CREEKR,RAIN,BK,INST,CR10,WMD,12/12/2002,8/22/2018,0,POL,,280219.784,812745.4,506940.374,1347106.49,L HATCHI,,19,28,29
VN016,CREEK_R,CREEKR,CREEKR,RAIN,DA,SUM,NRG,WMD,10/1/2007,7/1/2018,0,POL,,280219.784,812745.4,506940.374,1347106.49,L HATCHI,,19,28,29
VN017,CREEK_R,CREEKR,CREEKR,RAIN,BK,INST,NRG,WMD,10/1/2007,7/1/2018,0,POL,,280219.784,812745.4,506940.374,1347106.49,L HATCHI,,19,28,29
16192,DAVIE2_R,DAV2,DAV2,RAIN,DA,SUM,CR10,WMD,10/31/1991,8/21/2018,0,OKE,,271611.158,804219.196,751886.522,1067347.891,S191,,11,37,36
IX081,DAVIE2_R,DAV2,DAV2,RAIN,BK,INST,CR10,WMD,10/31/1991,8/22/2018,0,OKE,,271611.158,804219.196,751886.522,1067347.891,S191,,11,37,36
VN022,DAVIE2_R,DAV2,DAV2,RAIN,DA,SUM,NRG,WMD,10/1/2007,7/1/2018,0,OKE,,271611.158,804219.196,751886.522,1067347.891,S191,,11,37,36
VN023,DAVIE2_R,DAV2,DAV2,RAIN,BK,INST,NRG,WMD,10/1/2007,7/1/2018,0,OKE,,271611.158,804219.196,751886.522,1067347.891,S191,,11,37,36
05852,ELMAX_R,ELMAX,ELMAX,RAIN,DA,SUM,2A35,WMD,3/9/1972,6/1/2006,0,OSC,,274510.097,810438.219,631171.524,1242843.397,S-65A,,25,31,32
IX124,ELMAX_R,ELMAX,ELMAX,RAIN,BK,INST,2A35,WMD,3/9/1972,6/1/2006,0,OSC,,274510.097,810438.219,631171.524,1242843.397,S-65A,,25,31,32
UA602,ELMAX_R,ELMAX,ELMAX,RAIN,DA,SUM,CR10,WMD,8/8/2006,8/21/2018,0,OSC,,274510.097,810438.219,631171.524,1242843.397,S-65A,,25,31,32
UA603,ELMAX_R,ELMAX,ELMAX,RAIN,BK,INST,CR10,WMD,8/8/2006,8/22/2018,0,OSC,,274510.097,810438.219,631171.524,1242843.397,S-65A,,25,31,32
VN032,ELMAX_R,ELMAX,ELMAX,RAIN,DA,SUM,NRG,WMD,10/1/2007,7/1/2018,0,OSC,,274510.097,810438.219,631171.524,1242843.397,S-65A,,25,31,32
VN033,ELMAX_R,ELMAX,ELMAX,RAIN,BK,INST,NRG,WMD,10/1/2007,7/1/2018,0,OSC,,274510.097,810438.219,631171.524,1242843.397,S-65A,,25,31,32
HA471,EXOTR,EXOT,EXOT,RAIN,DA,SUM,CR10,WMD,2/11/1998,7/17/2018,0,OSC,,280920.728,810654.245,619088.889,1389349.304,L GENTRY,,9,27,32
IX282,EXOTR,EXOT,EXOT,RAIN,BK,INST,CR10,WMD,2/11/1998,7/17/2018,0,OSC,,280920.728,810654.245,619088.889,1389349.304,L GENTRY,,9,27,32
VN046,EXOTR,EXOT,EXOT,RAIN,DA,SUM,NRG,WMD,10/1/2007,7/1/2018,0,OSC,,280920.728,810654.245,619088.889,1389349.304,L GENTRY,,9,27,32
VN047,EXOTR,EXOT,EXOT,RAIN,BK,INST,NRG,WMD,10/1/2007,7/1/2018,0,OSC,,280920.728,810654.245,619088.889,1389349.304,L GENTRY,,9,27,32
07507,FLYING G_R,FLYG,FLYG,RAIN,DA,SUM,CR10,WMD,3/13/1988,8/21/2018,0,OKE,,271850.153,805649.215,673375.006,1083293.78,S-154,,29,36,34
IX299,FLYING G_R,FLYG,FLYG,RAIN,BK,INST,CR10,WMD,3/13/1988,8/22/2018,0,OKE,,271850.153,805649.215,673375.006,1083293.78,S-154,,29,36,34
VN052,FLYING G_R,FLYG,FLYG,RAIN,DA,SUM,NRG,WMD,10/1/2007,7/1/2018,0,OKE,,271850.153,805649.215,673375.006,1083293.78,S-154,,29,36,34
VN053,FLYING G_R,FLYG,FLYG,RAIN,BK,INST,NRG,WMD,10/1/2007,7/1/2018,0,OKE,,271850.153,805649.215,673375.006,1083293.78,S-154,,29,36,34
05875,GRIFFITH_R,GRFFTH,GRFFTH,RAIN,DA,SUM,2A35,WMD,4/25/1974,7/8/2004,0,OKE,,272941.133,805546.211,679020.562,1149032.489,S-65D,,21,34,34
IX638,GRIFFITH_R,GRFFTH,GRFFTH,RAIN,BK,INST,2A35,WMD,4/25/1974,7/8/2004,0,OKE,,272941.133,805546.211,679020.562,1149032.489,S-65D,,21,34,34
SO643,GRIFFITH_R,GRFFTH,GRFFTH,RAIN,DA,SUM,CR10,WMD,7/8/2004,8/21/2018,0,OKE,,272941.133,805546.211,679020.562,1149032.489,S-65D,,21,34,34
SO644,GRIFFITH_R,GRFFTH,GRFFTH,RAIN,BK,INST,CR10,WMD,7/8/2004,8/22/2018,0,OKE,,272941.133,805546.211,679020.562,1149032.489,S-65D,,21,34,34
VN080,GRIFFITH_R,GRFFTH,GRFFTH,RAIN,DA,SUM,NRG,WMD,10/1/2007,7/1/2018,0,OKE,,272941.133,805546.211,679020.562,1149032.489,S-65D,,21,34,34
VN081,GRIFFITH_R,GRFFTH,GRFFTH,RAIN,BK,INST,NRG,WMD,10/1/2007,7/1/2018,0,OKE,,272941.133,805546.211,679020.562,1149032.489,S-65D,,21,34,34
05946,INDIAN L_R,INDIANL,INDIANL,RAIN,DA,SUM,2A35,WMD,11/6/1968,10/31/2002,0,POL,,274716.09,811936.237,550528.348,1255701.946,L WEOHYA,,16,31,30
IX690,INDIAN L_R,INDIANL,INDIANL,RAIN,BK,INST,2A35,WMD,11/6/1968,10/31/2002,0,POL,,274716.09,811936.237,550528.348,1255701.946,L WEOHYA,,16,31,30
P6922,INDIAN L_R,INDIANL,INDIANL,RAIN,DA,SUM,CR10,WMD,1/25/2003,8/21/2018,0,POL,,274716.09,811936.237,550528.348,1255701.946,L WEOHYA,,16,31,30
P6923,INDIAN L_R,INDIANL,INDIANL,RAIN,BK,INST,CR10,WMD,1/25/2003,8/22/2018,0,POL,,274716.09,811936.237,550528.348,1255701.946,L WEOHYA,,16,31,30
VN086,INDIAN L_R,INDIANL,INDIANL,RAIN,DA,SUM,NRG,WMD,10/1/2007,7/1/2018,0,POL,,274716.09,811936.237,550528.348,1255701.946,L WEOHYA,,16,31,30
VN087,INDIAN L_R,INDIANL,INDIANL,RAIN,BK,INST,NRG,WMD,10/1/2007,7/1/2018,0,POL,,274716.09,811936.237,550528.348,1255701.946,L WEOHYA,,16,31,30
PS983,INRCTY_R,INRCTY,INRCTY,RAIN,DA,SUM,CR10,WMD,3/5/2003,8/21/2018,0,OSC,,281521.364,813013.655,493982.286,1426090.489,LOWER RE,,3,26,28
PT521,INRCTY_R,INRCTY,INRCTY,RAIN,BK,INST,CR10,WMD,3/5/2003,8/22/2018,0,OSC,,281521.364,813013.655,493982.286,1426090.489,LOWER RE,,3,26,28
VN088,INRCTY_R,INRCTY,INRCTY,RAIN,DA,SUM,NRG,WMD,10/1/2007,7/1/2018,0,OSC,,281521.364,813013.655,493982.286,1426090.489,LOWER RE,,3,26,28
VN089,INRCTY_R,INRCTY,INRCTY,RAIN,BK,INST,NRG,WMD,10/1/2007,7/1/2018,0,OSC,,281521.364,813013.655,493982.286,1426090.489,LOWER RE,,3,26,28
06867,KENANS1_R,KENAN1,KENAN1,RAIN,DA,SUM,2A35,WMD,4/9/1985,6/28/2004,0,OSC,,275320.082,810105.214,650315.2,1292317.579,L MARIAN,,10,30,33
IX758,KENANS1_R,KENAN1,KENAN1,RAIN,BK,INST,2A35,WMD,4/9/1985,6/28/2004,0,OSC,,275320.082,810105.214,650315.2,1292317.579,L MARIAN,,10,30,33
T0958,KENANS1_R,KENAN1,KENAN1,RAIN,DA,SUM,CR10,WMD,12/14/2004,8/21/2018,0,OSC,,275320.082,810105.214,650315.2,1292317.579,L MARIAN,,10,30,33
T0959,KENANS1_R,KENAN1,KENAN1,RAIN,BK,INST,CR10,WMD,12/14/2004,8/22/2018,0,OSC,,275320.082,810105.214,650315.2,1292317.579,L MARIAN,,10,30,33
VN094,KENANS1_R,KENAN1,KENAN1,RAIN,DA,SUM,NRG,WMD,10/1/2007,7/1/2018,0,OSC,,275320.082,810105.214,650315.2,1292317.579,L MARIAN,,10,30,33
VN095,KENANS1_R,KENAN1,KENAN1,RAIN,BK,INST,NRG,WMD,10/1/2007,7/1/2018,0,OSC,,275320.082,810105.214,650315.2,1292317.579,L MARIAN,,10,30,33
M1208,KIRCOF_R,KIRCOF,KIRCOF,RAIN,DA,SUM,CR10,WMD,8/9/2000,8/21/2018,0,OSC,,280917.8,812527.6,519434.24,1389274.94,L TOHO,,8,27,29
M1209,KIRCOF_R,KIRCOF,KIRCOF,RAIN,BK,INST,CR10,WMD,8/9/2000,8/22/2018,0,OSC,,280917.8,812527.6,519434.24,1389274.94,L TOHO,,8,27,29
VN096,KIRCOF_R,KIRCOF,KIRCOF,RAIN,DA,SUM,NRG,WMD,10/1/2007,7/1/2018,0,OSC,,280917.8,812527.6,519434.24,1389274.94,L TOHO,,8,27,29
VN097,KIRCOF_R,KIRCOF,KIRCOF,RAIN,BK,INST,NRG,WMD,10/1/2007,7/1/2018,0,OSC,,280917.8,812527.6,519434.24,1389274.94,L TOHO,,8,27,29
FI286,KREFR,KREF,KREF,RAIN,DA,SUM,CR10,WMD,5/16/1997,8/21/2018,0,POL,,274457.01,811050.69,597708.005,1241559.413,S-65A,,25,31,31
IX799,KREFR,KREF,KREF,RAIN,BK,INST,CR10,WMD,5/16/1997,8/22/2018,0,POL,,274457.01,811050.69,597708.005,1241559.413,S-65A,,25,31,31
VN102,KREFR,KREF,KREF,RAIN,DA,SUM,NRG,WMD,10/1/2007,7/1/2018,0,POL,,274457.01,811050.69,597708.005,1241559.413,S-65A,,25,31,31
VN103,KREFR,KREF,KREF,RAIN,BK,INST,NRG,WMD,10/1/2007,7/1/2018,0,POL,,274457.01,811050.69,597708.005,1241559.413,S-65A,,25,31,31
05871,MAXCEY N_R,MAXCYN,MAXCYN,RAIN,DA,SUM,2A35,WMD,4/26/1974,6/20/2006,0,OSC,,274101.107,810125.216,648506.065,1217692.189,S-65BC,,21,32,33
IY051,MAXCEY N_R,MAXCYN,MAXCYN,RAIN,BK,INST,2A35,WMD,4/26/1974,6/20/2006,0,OSC,,274101.107,810125.216,648506.065,1217692.189,S-65BC,,21,32,33
UA631,MAXCEY N_R,MAXCYN,MAXCYN,RAIN,DA,SUM,CR10,WMD,6/20/2006,8/21/2018,0,OSC,,274101.107,810125.216,648506.065,1217692.189,S-65BC,,21,32,33
UA632,MAXCEY N_R,MAXCYN,MAXCYN,RAIN,BK,INST,CR10,WMD,6/20/2006,8/22/2018,0,OSC,,274101.107,810125.216,648506.065,1217692.189,S-65BC,,21,32,33
VN122,MAXCEY N_R,MAXCYN,MAXCYN,RAIN,DA,SUM,NRG,WMD,10/1/2007,7/1/2018,0,OSC,,274101.107,810125.216,648506.065,1217692.189,S-65BC,,21,32,33
VN123,MAXCEY N_R,MAXCYN,MAXCYN,RAIN,BK,INST,NRG,WMD,10/1/2007,7/1/2018,0,OSC,,274101.107,810125.216,648506.065,1217692.189,S-65BC,,21,32,33
05877,MAXCEY S_R,MAXCYS,MAXCYS,RAIN,DA,SUM,2A35,WMD,4/11/1974,5/23/2006,0,OKE,,273229.125,810601.223,623651.996,1166003.209,S-65BC,,2,34,32
IY053,MAXCEY S_R,MAXCYS,MAXCYS,RAIN,BK,INST,2A35,WMD,4/11/1974,5/23/2006,0,OKE,,273229.125,810601.223,623651.996,1166003.209,S-65BC,,2,34,32
UA598,MAXCEY S_R,MAXCYS,MAXCYS,RAIN,DA,SUM,CR10,WMD,8/4/2006,8/21/2018,0,OKE,,273229.125,810601.223,623651.996,1166003.209,S-65BC,,2,34,32
UA599,MAXCEY S_R,MAXCYS,MAXCYS,RAIN,BK,INST,CR10,WMD,8/4/2006,8/22/2018,0,OKE,,273229.125,810601.223,623651.996,1166003.209,S-65BC,,2,34,32
VN124,MAXCEY S_R,MAXCYS,MAXCYS,RAIN,DA,SUM,NRG,WMD,10/1/2007,7/1/2018,0,OKE,,273229.125,810601.223,623651.996,1166003.209,S-65BC,,2,34,32
VN125,MAXCEY S_R,MAXCYS,MAXCYS,RAIN,BK,INST,NRG,WMD,10/1/2007,7/1/2018,0,OKE,,273229.125,810601.223,623651.996,1166003.209,S-65BC,,2,34,32
05873,MCARTH_R,MCARTH,MCARTH,RAIN,DA,SUM,2A35,WMD,5/24/1974,5/26/2006,0,HIG,,272619.137,811223.232,589204.126,1128683.902,S-65BC,,14,35,31
IY083,MCARTH_R,MCARTH,MCARTH,RAIN,BK,INST,2A35,WMD,5/24/1974,5/26/2006,0,HIG,,272619.137,811223.232,589204.126,1128683.902,S-65BC,,14,35,31
UA643,MCARTH_R,MCARTH,MCARTH,RAIN,DA,SUM,CR10,WMD,5/26/2006,8/21/2018,0,HIG,,272619.137,811223.232,589204.126,1128683.902,S-65BC,,14,35,31
UA644,MCARTH_R,MCARTH,MCARTH,RAIN,BK,INST,CR10,WMD,5/26/2006,8/22/2018,0,HIG,,272619.137,811223.232,589204.126,1128683.902,S-65BC,,14,35,31
VN128,MCARTH_R,MCARTH,MCARTH,RAIN,DA,SUM,NRG,WMD,10/1/2007,7/1/2018,0,HIG,,272619.137,811223.232,589204.126,1128683.902,S-65BC,,14,35,31
VN129,MCARTH_R,MCARTH,MCARTH,RAIN,BK,INST,NRG,WMD,10/1/2007,7/1/2018,0,HIG,,272619.137,811223.232,589204.126,1128683.902,S-65BC,,14,35,31
06051,MOBLEY_R,MOBL,MOBL,RAIN,DA,SUM,????,USDA,10/1/1955,10/27/1992,0,OKE,,272112.15,804858.203,715837.905,1097672.754,S191,,10,36,35
15583,MOBLEY_R,MOBL,MOBL,RAIN,DA,SUM,CR10,WMD,9/3/1992,8/21/2018,0,OKE,,272112.15,804858.203,715837.905,1097672.754,S191,,10,36,35
IY104,MOBLEY_R,MOBL,MOBL,RAIN,BK,INST,CR10,WMD,9/3/1992,8/22/2018,0,OKE,,272112.15,804858.203,715837.905,1097672.754,S191,,10,36,35
VN138,MOBLEY_R,MOBL,MOBL,RAIN,DA,SUM,NRG,WMD,10/1/2007,7/1/2018,0,OKE,,272112.15,804858.203,715837.905,1097672.754,S191,,10,36,35
VN139,MOBLEY_R,MOBL,MOBL,RAIN,BK,INST,NRG,WMD,10/1/2007,7/1/2018,0,OKE,,272112.15,804858.203,715837.905,1097672.754,S191,,10,36,35
06070,OKEE F 2_R,OKEEFS,OKEEFS,RAIN,DA,SUM,????,WMD,9/30/1960,10/31/1994,0,OKE,,271514.164,804714.197,725277.188,1061538.625,S191,,13,37,35
07906,OKEE F 2_R,OKEEFS,OKEEFS,RAIN,RI,DWR,????,WMD,3/1/1988,9/22/1992,0,OKE,,271514.164,804714.197,725277.188,1061538.625,S191,,13,37,35
16285,OKEE F 2_R,OKEEFS,OKEEFS,RAIN,DA,SUM,CR10,WMD,2/24/1995,8/21/2018,0,OKE,,271514.164,804714.197,725277.188,1061538.625,S191,,13,37,35
16697,OKEE F 2_R,OKEEFS,OKEEFS,RAIN,DA,SUM,OMD,WMD,1/8/1991,8/21/2018,0,OKE,,271514.164,804714.197,725277.188,1061538.625,S191,,13,37,35
IY179,OKEE F 2_R,OKEEFS,OKEEFS,RAIN,BK,INST,????,WMD,9/30/1960,10/31/1994,0,OKE,,271514.164,804714.197,725277.188,1061538.625,S191,,13,37,35
IY180,OKEE F 2_R,OKEEFS,OKEEFS,RAIN,BK,INST,CR10,WMD,2/24/1995,8/22/2018,0,OKE,,271514.164,804714.197,725277.188,1061538.625,S191,,13,37,35
VN147,OKEE F 2_R,OKEEFS,OKEEFS,RAIN,DA,SUM,NRG,WMD,10/1/2007,7/1/2018,0,OKE,,271514.164,804714.197,725277.188,1061538.625,S191,,13,37,35
VN148,OKEE F 2_R,OKEEFS,OKEEFS,RAIN,BK,INST,NRG,WMD,10/1/2007,7/1/2018,0,OKE,,271514.164,804714.197,725277.188,1061538.625,S191,,13,37,35
06102,OKEE FOR_R,OKEE FOR,OKEE FOR,RAIN,DA,SUM,????,FS,11/3/1969,8/1/2018,0,OKE,,271725.156,804937.205,712353.063,1074746.159,S191,,34,36,35
06052,OPAL_R,OPAL,OPAL,RAIN,DA,SUM,????,USDA,10/1/1955,10/27/1992,0,OKE,,271919.153,804631.2,729113.089,1086284.146,S191,,19,36,36
15580,OPAL_R,OPAL,OPAL,RAIN,DA,SUM,CR10,WMD,10/23/1992,8/21/2018,0,OKE,,271919.153,804631.2,729113.089,1086284.146,S191,,19,36,36
IY186,OPAL_R,OPAL,OPAL,RAIN,BK,INST,CR10,WMD,10/23/1992,8/22/2018,0,OKE,,271919.153,804631.2,729113.089,1086284.146,S191,,19,36,36
VN149,OPAL_R,OPAL,OPAL,RAIN,DA,SUM,NRG,WMD,10/1/2007,7/1/2018,0,OKE,,271919.153,804631.2,729113.089,1086284.146,S191,,19,36,36
VN150,OPAL_R,OPAL,OPAL,RAIN,BK,INST,NRG,WMD,10/1/2007,7/1/2018,0,OKE,,271919.153,804631.2,729113.089,1086284.146,S191,,19,36,36
88714,OR0611,COCOA R,COCOA R,RAIN,DA,SUM,????,USGS,2/24/2006,8/20/2018,1205,ORA,,282407.018,810935.251,604795.935,1478874.429,L HART,,18,24,32
05941,PALMDALE_R,PALM,PALM,RAIN,DA,SUM,????,WMD,8/23/1979,12/31/1984,0,GLA,,265528.21,811850.249,553867.326,941854.834,FISH,,10,41,30
06093,PALMDALE_R,PALM,PALM,RAIN,DA,SUM,????,FS,1/1/1963,5/31/2003,0,GLA,,265528.21,811850.249,553867.326,941854.834,FISH,,10,41,30
13107,PALMDALE_R,PALM,PALM,RAIN,DA,SUM,SDIG,WMD,,,0,GLA,,265528.21,811850.249,553867.326,941854.834,FISH,,10,41,30
15786,PALMDALE_R,PALM,PALM,RAIN,DA,SUM,CR10,WMD,4/16/1992,8/21/2018,0,GLA,,265528.21,811850.249,553867.326,941854.834,FISH,,10,41,30
IY199,PALMDALE_R,PALM,PALM,RAIN,BK,INST,????,WMD,8/23/1979,12/31/1984,0,GLA,,265528.21,811850.249,553867.326,941854.834,FISH,,10,41,30
IY200,PALMDALE_R,PALM,PALM,RAIN,BK,INST,CR10,WMD,4/16/1992,8/22/2018,0,GLA,,265528.21,811850.249,553867.326,941854.834,FISH,,10,41,30
VN153,PALMDALE_R,PALM,PALM,RAIN,DA,SUM,NRG,WMD,10/1/2007,7/1/2018,0,GLA,,265528.21,811850.249,553867.326,941854.834,FISH,,10,41,30
VN154,PALMDALE_R,PALM,PALM,RAIN,BK,INST,NRG,WMD,10/1/2007,7/1/2018,0,GLA,,265528.21,811850.249,553867.326,941854.834,FISH,,10,41,30
05858,PEAVINE_R,PEAVINE,PEAVINE,RAIN,DA,SUM,????,WMD,6/14/1972,7/5/2004,0,OKE,,273258.125,810124.217,648586.588,1168919.215,S-65BC,,4,34,33
IY211,PEAVINE_R,PEAVINE,PEAVINE,RAIN,BK,INST,2A35,WMD,6/14/1972,7/5/2004,0,OKE,,273258.125,810124.217,648586.588,1168919.215,S-65BC,,4,34,33
T0919,PEAVINE_R,PEAVINE,PEAVINE,RAIN,DA,SUM,CR10,WMD,7/5/2004,8/21/2018,0,OKE,,273258.125,810124.217,648586.588,1168919.215,S-65BC,,4,34,33
T0920,PEAVINE_R,PEAVINE,PEAVINE,RAIN,BK,INST,CR10,WMD,7/5/2004,8/22/2018,0,OKE,,273258.125,810124.217,648586.588,1168919.215,S-65BC,,4,34,33
VN157,PEAVINE_R,PEAVINE,PEAVINE,RAIN,DA,SUM,NRG,WMD,10/1/2007,7/1/2018,0,OKE,,273258.125,810124.217,648586.588,1168919.215,S-65BC,,4,34,33
VN158,PEAVINE_R,PEAVINE,PEAVINE,RAIN,BK,INST,NRG,WMD,10/1/2007,7/1/2018,0,OKE,,273258.125,810124.217,648586.588,1168919.215,S-65BC,,4,34,33
05911,S127_R,S127,S127,RAIN,DA,SUM,????,WMD,7/7/1970,4/30/1998,0,GLA,,270721.69,805344.75,690072.465,1013787.154,L48,,2,39,34
07925,S127_R,S127,S127,RAIN,RI,DWR,????,WMD,3/1/1988,2/21/1990,0,GLA,,270721.69,805344.75,690072.465,1013787.154,L48,,2,39,34
16284,S127_R,S127,S127,RAIN,DA,SUM,CR10,WMD,2/24/1995,3/27/2007,0,GLA,,270721.69,805344.75,690072.465,1013787.154,L48,,2,39,34
16573,S127_R,S127,S127,RAIN,DA,SUM,OMD,WMD,1/8/1991,8/21/2018,0,GLA,,270721.69,805344.75,690072.465,1013787.154,L48,,2,39,34
90553,S127_R,S127,S127,RAIN,BK,INST,TELE,WMD,3/18/1997,8/22/2018,0,GLA,,270721.69,805344.75,690072.465,1013787.154,L48,,2,39,34
IY330,S127_R,S127,S127,RAIN,BK,INST,????,WMD,7/7/1970,4/30/1998,0,GLA,,270721.69,805344.75,690072.465,1013787.154,L48,,2,39,34
IY331,S127_R,S127,S127,RAIN,BK,INST,CR10,WMD,2/24/1995,3/27/2007,0,GLA,,270721.69,805344.75,690072.465,1013787.154,L48,,2,39,34
K8632,S127_R,S127,S127,RAIN,DA,SUM,TELE,WMD,3/18/1997,8/21/2018,0,GLA,,270721.69,805344.75,690072.465,1013787.154,L48,,2,39,34
VN181,S127_R,S127,S127,RAIN,DA,SUM,NRG,WMD,10/1/2007,7/1/2018,0,GLA,,270721.69,805344.75,690072.465,1013787.154,L48,,2,39,34
VN182,S127_R,S127,S127,RAIN,BK,INST,NRG,WMD,10/1/2007,7/1/2018,0,GLA,,270721.69,805344.75,690072.465,1013787.154,L48,,2,39,34
06120,S131_R,S131,S131,RAIN,DA,SUM,BELF,WMD,6/9/1965,9/30/1999,0,GLA,,265845.199,810524.231,626834.629,961628.938,S-131,,23,40,32
07930,S131_R,S131,S131,RAIN,RI,DWR,????,WMD,3/1/1988,9/22/1992,0,GLA,,265845.199,810524.231,626834.629,961628.938,S-131,,23,40,32
15984,S131_R,S131,S131,RAIN,DA,SUM,CR10,WMD,3/10/1993,5/5/2004,0,GLA,,265845.199,810524.231,626834.629,961628.938,S-131,,23,40,32
16286,S131_R,S131,S131,RAIN,DA,SUM,CR10,WMD,5/2/1995,3/27/2007,0,GLA,,265845.199,810524.231,626834.629,961628.938,S-131,,23,40,32
16575,S131_R,S131,S131,RAIN,DA,SUM,OMD,WMD,1/8/1991,8/21/2018,0,GLA,,265845.199,810524.231,626834.629,961628.938,S-131,,23,40,32
90555,S131_R,S131,S131,RAIN,BK,INST,TELE,WMD,3/18/1997,8/22/2018,0,GLA,,265845.199,810524.231,626834.629,961628.938,S-131,,23,40,32
F9544,S131_R,S131,S131,RAIN,DA,SUM,PREF,WMD,1/2/1996,6/30/2018,0,GLA,,265845.199,810524.231,626834.629,961628.938,S-131,,23,40,32
IY355,S131_R,S131,S131,RAIN,BK,INST,BELF,WMD,6/9/1965,9/30/1999,0,GLA,,265845.199,810524.231,626834.629,961628.938,S-131,,23,40,32
IY356,S131_R,S131,S131,RAIN,BK,INST,CR10,WMD,3/10/1993,5/5/2004,0,GLA,,265845.199,810524.231,626834.629,961628.938,S-131,,23,40,32
IY357,S131_R,S131,S131,RAIN,BK,INST,CR10,WMD,5/2/1995,3/27/2007,0,GLA,,265845.199,810524.231,626834.629,961628.938,S-131,,23,40,32
K8635,S131_R,S131,S131,RAIN,DA,SUM,TELE,WMD,3/18/1997,8/21/2018,0,GLA,,265845.199,810524.231,626834.629,961628.938,S-131,,23,40,32
VN189,S131_R,S131,S131,RAIN,DA,SUM,NRG,WMD,10/1/2007,7/1/2018,0,GLA,,265845.199,810524.231,626834.629,961628.938,S-131,,23,40,32
VN190,S131_R,S131,S131,RAIN,BK,INST,NRG,WMD,10/1/2007,7/1/2018,0,GLA,,265845.199,810524.231,626834.629,961628.938,S-131,,23,40,32
05845,S133_R,S133,S133,RAIN,DA,SUM,????,WMD,6/23/1970,7/31/2018,0,OKE,,271223.59,804803.05,720897.329,1044309.361,S-133,,35,37,35
07933,S133_R,S133,S133,RAIN,RI,DWR,????,WMD,3/1/1988,9/22/1992,0,OKE,,271223.59,804803.05,720897.329,1044309.361,S-133,,35,37,35
16576,S133_R,S133,S133,RAIN,DA,SUM,OMD,WMD,1/8/1991,8/21/2018,0,OKE,,271223.59,804803.05,720897.329,1044309.361,S-133,,35,37,35
90578,S133_R,S133,S133,RAIN,BK,INST,TELE,WMD,3/18/1997,8/22/2018,0,OKE,,271223.59,804803.05,720897.329,1044309.361,S-133,,35,37,35
IY366,S133_R,S133,S133,RAIN,BK,INST,COMP,WMD,6/23/1970,7/31/2018,0,OKE,,271223.59,804803.05,720897.329,1044309.361,S-133,,35,37,35
K8636,S133_R,S133,S133,RAIN,DA,SUM,TELE,WMD,3/18/1997,8/21/2018,0,OKE,,271223.59,804803.05,720897.329,1044309.361,S-133,,35,37,35
VN191,S133_R,S133,S133,RAIN,DA,SUM,NRG,WMD,10/1/2007,7/1/2018,0,OKE,,271223.59,804803.05,720897.329,1044309.361,S-133,,35,37,35
VN192,S133_R,S133,S133,RAIN,BK,INST,NRG,WMD,10/1/2007,7/1/2018,0,OKE,,271223.59,804803.05,720897.329,1044309.361,S-133,,35,37,35
05849,S135_R,S135,S135,RAIN,DA,SUM,????,WMD,10/1/1971,1/29/1999,0,MAR,,270511.01,803939.16,766508.911,1000726.272,S-135,,17,39,37
07936,S135_R,S135,S135,RAIN,RI,DWR,????,WMD,3/1/1988,9/22/1992,0,MAR,,270511.01,803939.16,766508.911,1000726.272,S-135,,17,39,37
16283,S135_R,S135,S135,RAIN,DA,SUM,CR10,WMD,2/24/1995,3/27/2007,0,MAR,,270511.01,803939.16,766508.911,1000726.272,S-135,,17,39,37
16580,S135_R,S135,S135,RAIN,DA,SUM,OMD,WMD,1/8/1991,8/21/2018,0,MAR,,270511.01,803939.16,766508.911,1000726.272,S-135,,17,39,37
90579,S135_R,S135,S135,RAIN,BK,INST,TELE,WMD,3/18/1997,8/22/2018,0,MAR,,270511.01,803939.16,766508.911,1000726.272,S-135,,17,39,37
IY378,S135_R,S135,S135,RAIN,BK,INST,????,WMD,9/30/1971,1/29/1999,0,MAR,,270511.01,803939.16,766508.911,1000726.272,S-135,,17,39,37
IY379,S135_R,S135,S135,RAIN,BK,INST,CR10,WMD,2/24/1995,3/27/2007,0,MAR,,270511.01,803939.16,766508.911,1000726.272,S-135,,17,39,37
K8637,S135_R,S135,S135,RAIN,DA,SUM,TELE,WMD,3/18/1997,8/21/2018,0,MAR,,270511.01,803939.16,766508.911,1000726.272,S-135,,17,39,37
VN193,S135_R,S135,S135,RAIN,DA,SUM,NRG,WMD,10/1/2007,7/1/2018,0,MAR,,270511.01,803939.16,766508.911,1000726.272,S-135,,17,39,37
VN194,S135_R,S135,S135,RAIN,BK,INST,NRG,WMD,10/1/2007,7/1/2018,0,MAR,,270511.01,803939.16,766508.911,1000726.272,S-135,,17,39,37
16665,S154_R,S154,S154,RAIN,DA,SUM,OMD,WMD,,,0,OKE,,271237.41,805508.65,682471.391,1045661.927,S-154C,,34,37,34
90574,S154_R,S154,S154,RAIN,BK,INST,TELE,WMD,3/18/1997,8/22/2018,0,OKE,,271237.41,805508.65,682471.391,1045661.927,S-154C,,34,37,34
K8644,S154_R,S154,S154,RAIN,DA,SUM,TELE,WMD,3/18/1997,8/21/2018,0,OKE,,271237.41,805508.65,682471.391,1045661.927,S-154C,,34,37,34
VN201,S154_R,S154,S154,RAIN,DA,SUM,NRG,WMD,10/1/2007,7/1/2018,0,OKE,,271237.41,805508.65,682471.391,1045661.927,S-154C,,34,37,34
VN202,S154_R,S154,S154,RAIN,BK,INST,NRG,WMD,10/1/2007,7/1/2018,0,OKE,,271237.41,805508.65,682471.391,1045661.927,S-154C,,34,37,34
16669,S191_R,S191,S191,RAIN,DA,SUM,OMD,WMD,10/21/1993,5/11/2016,0,OKE,,271132,804546.23,733259.925,1039121.43,S191,,6,38,36
90609,S191_R,S191,S191,RAIN,BK,INST,TELE,WMD,3/18/1997,8/22/2018,0,OKE,,271132,804546.23,733259.925,1039121.43,S191,,6,38,36
G2733,S191_R,S191,S191,RAIN,DA,SUM,PREF,WMD,7/1/1997,6/30/2018,0,OKE,,271132,804546.23,733259.925,1039121.43,S191,,6,38,36
K8662,S191_R,S191,S191,RAIN,DA,SUM,TELE,WMD,3/18/1997,8/21/2018,0,OKE,,271132,804546.23,733259.925,1039121.43,S191,,6,38,36
VN221,S191_R,S191,S191,RAIN,DA,SUM,NRG,WMD,10/1/2007,7/1/2018,0,OKE,,271132,804546.23,733259.925,1039121.43,S191,,6,38,36
VN222,S191_R,S191,S191,RAIN,BK,INST,NRG,WMD,10/1/2007,7/1/2018,0,OKE,,271132,804546.23,733259.925,1039121.43,S191,,6,38,36
AL742,S386B_R,S386B,S386B,RAIN,DA,SUM,NRG,WMD,9/1/2011,7/1/2018,0,OKE,,271231.857,804323.678,746116.93,1045189.842,NUBBISTA,,34,37,36
AL743,S386B_R,S386B,S386B,RAIN,BK,INST,NRG,WMD,9/1/2011,7/1/2018,0,OKE,,271231.857,804323.678,746116.93,1045189.842,NUBBISTA,,34,37,36
WN425,S386B_R,S386B,S386B,RAIN,BK,INST,TELE,WMD,1/21/2010,8/22/2018,0,OKE,,271231.857,804323.678,746116.93,1045189.842,NUBBISTA,,34,37,36
WN426,S386B_R,S386B,S386B,RAIN,DA,SUM,TELE,WMD,1/21/2010,8/21/2018,0,OKE,,271231.857,804323.678,746116.93,1045189.842,NUBBISTA,,34,37,36
16567,S59_R,S59,S59,RAIN,DA,SUM,CR10,WMD,12/26/1995,8/2/2010,0,OSC,,281556.036,811840.122,556011.362,1429386.205,E L TOHO,,33,25,30
IY779,S59_R,S59,S59,RAIN,BK,INST,CR10,WMD,12/26/1995,8/2/2010,0,OSC,,281556.036,811840.122,556011.362,1429386.205,E L TOHO,,33,25,30
VN290,S59_R,S59,S59,RAIN,DA,SUM,NRG,WMD,10/1/2007,7/1/2018,0,OSC,,281556.036,811840.122,556011.362,1429386.205,E L TOHO,,33,25,30
VN291,S59_R,S59,S59,RAIN,BK,INST,NRG,WMD,10/1/2007,7/1/2018,0,OSC,,281556.036,811840.122,556011.362,1429386.205,E L TOHO,,33,25,30
WN270,S59_R,S59,S59,RAIN,DA,SUM,TELE,WMD,7/9/2009,8/21/2018,0,OSC,,281556.036,811840.122,556011.362,1429386.205,E L TOHO,,33,25,30
WN271,S59_R,S59,S59,RAIN,BK,INST,TELE,WMD,6/12/2009,8/22/2018,0,OSC,,281556.036,811840.122,556011.362,1429386.205,E L TOHO,,33,25,30
15476,S61W,S61W,S61W,WNDS,DA,MEAN,CR10,WMD,10/20/1992,8/21/2018,0,OSC,,280824.05,812105.237,542903.389,1383774.381,L TOHO,,18,27,30
15479,S61W,S61W,S61W,RADT,DA,MEAN,CR10,WMD,10/20/1992,8/21/2018,0,OSC,,280824.05,812105.237,542903.389,1383774.381,L TOHO,,18,27,30
15480,S61W,S61W,S61W,RADP,DA,MEAN,CR10,WMD,10/20/1992,8/21/2018,0,OSC,,280824.05,812105.237,542903.389,1383774.381,L TOHO,,18,27,30
15481,S61W,S61W,S61W,RADN,DA,MEAN,CR10,WMD,,,0,OSC,,280824.05,812105.237,542903.389,1383774.381,L TOHO,,18,27,30
15482,S61W,S61W,S61W,HUMI,DA,MEAN,CR10,WMD,10/20/1992,8/21/2018,0,OSC,,280824.05,812105.237,542903.389,1383774.381,L TOHO,,18,27,30
15483,S61W,S61W,S61W,AIRT,DA,MEAN,CR10,WMD,10/20/1992,8/21/2018,0,OSC,,280824.05,812105.237,542903.389,1383774.381,L TOHO,,18,27,30
15484,S61W,S61W,S61W,RAIN,DA,SUM,CR10,WMD,10/20/1992,8/21/2018,0,OSC,,280824.05,812105.237,542903.389,1383774.381,L TOHO,,18,27,30
15485,S61W,S61W,S61W,BARO,DA,MEAN,CR10,WMD,10/20/1992,8/21/2018,0,OSC,,280824.05,812105.237,542903.389,1383774.381,L TOHO,,18,27,30
15486,S61W,S61W,S61W,LEAF,DA,MEAN,CR10,WMD,4/30/1993,7/28/1995,0,OSC,,280824.05,812105.237,542903.389,1383774.381,L TOHO,,18,27,30
IY808,S61W,S61W,S61W,AIRT,BK,INST,CR10,WMD,10/20/1992,8/22/2018,0,OSC,,280824.05,812105.237,542903.389,1383774.381,L TOHO,,18,27,30
IY809,S61W,S61W,S61W,BARO,BK,INST,CR10,WMD,10/20/1992,8/22/2018,0,OSC,,280824.05,812105.237,542903.389,1383774.381,L TOHO,,18,27,30
IY810,S61W,S61W,S61W,HUMI,BK,INST,CR10,WMD,10/20/1992,8/22/2018,0,OSC,,280824.05,812105.237,542903.389,1383774.381,L TOHO,,18,27,30
IY811,S61W,S61W,S61W,LEAF,BK,INST,CR10,WMD,4/30/1993,7/28/1995,0,OSC,,280824.05,812105.237,542903.389,1383774.381,L TOHO,,18,27,30
IY812,S61W,S61W,S61W,RADP,BK,INST,CR10,WMD,10/20/1992,8/22/2018,0,OSC,,280824.05,812105.237,542903.389,1383774.381,L TOHO,,18,27,30
IY813,S61W,S61W,S61W,RADT,BK,INST,CR10,WMD,10/20/1992,8/22/2018,0,OSC,,280824.05,812105.237,542903.389,1383774.381,L TOHO,,18,27,30
IY814,S61W,S61W,S61W,RAIN,BK,INST,CR10,WMD,10/20/1992,8/22/2018,0,OSC,,280824.05,812105.237,542903.389,1383774.381,L TOHO,,18,27,30
IY815,S61W,S61W,S61W,WNDS,BK,INST,CR10,WMD,10/20/1992,8/22/2018,0,OSC,,280824.05,812105.237,542903.389,1383774.381,L TOHO,,18,27,30
IY816,S61W,S61W,S61W,WNVD,BK,INST,CR10,WMD,10/20/1992,8/22/2018,0,OSC,,280824.05,812105.237,542903.389,1383774.381,L TOHO,,18,27,30
KV255,S61W,S61W,S61W,WNVS,BK,INST,CR10,WMD,10/20/1992,8/22/2018,0,OSC,,280824.05,812105.237,542903.389,1383774.381,L TOHO,,18,27,30
TA687,S61W,S61W,S61W,HUMI,DA,MIN,CR10,WMD,10/20/1992,8/21/2018,0,OSC,,280824.05,812105.237,542903.389,1383774.381,L TOHO,,18,27,30
TA688,S61W,S61W,S61W,HUMI,DA,MAX,CR10,WMD,10/20/1992,8/21/2018,0,OSC,,280824.05,812105.237,542903.389,1383774.381,L TOHO,,18,27,30
TA689,S61W,S61W,S61W,AIRT,DA,MIN,CR10,WMD,10/20/1992,8/21/2018,0,OSC,,280824.05,812105.237,542903.389,1383774.381,L TOHO,,18,27,30
TA690,S61W,S61W,S61W,AIRT,DA,MAX,CR10,WMD,10/20/1992,8/21/2018,0,OSC,,280824.05,812105.237,542903.389,1383774.381,L TOHO,,18,27,30
UT749,S61W,S61W,S61W,ETPI,DA,SUM,CR10,WMD,12/23/2006,8/21/2018,0,OSC,,280824.05,812105.237,542903.389,1383774.381,L TOHO,,18,27,30
UT750,S61W,S61W,S61W,WNDD,BK,INST,CR10,WMD,12/22/2006,8/22/2018,0,OSC,,280824.05,812105.237,542903.389,1383774.381,L TOHO,,18,27,30
UT751,S61W,S61W,S61W,WNDG,BK,INST,CR10,WMD,12/22/2006,8/22/2018,0,OSC,,280824.05,812105.237,542903.389,1383774.381,L TOHO,,18,27,30
VN300,S61W,S61W,S61W,RAIN,DA,SUM,NRG,WMD,10/1/2007,7/1/2018,0,OSC,,280824.05,812105.237,542903.389,1383774.381,L TOHO,,18,27,30
VN301,S61W,S61W,S61W,RAIN,BK,INST,NRG,WMD,10/1/2007,7/1/2018,0,OSC,,280824.05,812105.237,542903.389,1383774.381,L TOHO,,18,27,30
05940,S65_R,S65,S65,RAIN,DA,SUM,COMP,WMD,3/5/1965,10/31/2012,0,OSC,,274811,811153.804,592067.96,1261155.759,S-65A,,11,31,31
07728,S65_R,S65,S65,RAIN,RI,DWR,????,WMD,3/1/1988,4/18/1998,0,OSC,,274811,811153.804,592067.96,1261155.759,S-65A,,11,31,31
16571,S65_R,S65,S65,RAIN,DA,SUM,OMD,WMD,1/8/1991,10/31/2014,0,OSC,,274811,811153.804,592067.96,1261155.759,S-65A,,11,31,31
IY880,S65_R,S65,S65,RAIN,BK,INST,COMP,WMD,3/4/1965,10/31/2012,0,OSC,,274811,811153.804,592067.96,1261155.759,S-65A,,11,31,31
PC161,S65_R,S65,S65,RAIN,BK,INST,CR10,WMD,2/4/2003,8/22/2018,0,OSC,,274811,811153.804,592067.96,1261155.759,S-65A,,11,31,31
RQ463,S65_R,S65,S65,RAIN,DA,SUM,CR10,WMD,2/4/2003,8/21/2018,0,OSC,,274811,811153.804,592067.96,1261155.759,S-65A,,11,31,31
VN302,S65_R,S65,S65,RAIN,DA,SUM,NRG,WMD,10/1/2007,7/1/2018,0,OSC,,274811,811153.804,592067.96,1261155.759,S-65A,,11,31,31
VN303,S65_R,S65,S65,RAIN,BK,INST,NRG,WMD,10/1/2007,7/1/2018,0,OSC,,274811,811153.804,592067.96,1261155.759,S-65A,,11,31,31
V8859,S65AMW_R,S65AMW,S65AMW,RAIN,DA,SUM,CR10,WMD,6/26/2007,8/21/2018,0,POL,,273933.759,810758.632,613129.734,1208893.805,S-65BC,,28,32,32
V8860,S65AMW_R,S65AMW,S65AMW,RAIN,BK,INST,CR10,WMD,6/26/2007,8/22/2018,0,POL,,273933.759,810758.632,613129.734,1208893.805,S-65BC,,28,32,32
VN304,S65AMW_R,S65AMW,S65AMW,RAIN,DA,SUM,NRG,WMD,10/1/2007,7/1/2018,0,POL,,273933.759,810758.632,613129.734,1208893.805,S-65BC,,28,32,32
VN305,S65AMW_R,S65AMW,S65AMW,RAIN,BK,INST,NRG,WMD,10/1/2007,7/1/2018,0,POL,,273933.759,810758.632,613129.734,1208893.805,S-65BC,,28,32,32
LJ290,S65DWX,S65DWX,S65DWX,RAIN,DA,SUM,CR10,WMD,2/23/2000,8/21/2018,0,OKE,,271851.303,810119.74,648974.328,1083406.893,S-65E,,27,36,33
LJ291,S65DWX,S65DWX,S65DWX,WNDS,DA,MEAN,CR10,WMD,2/23/2000,8/21/2018,0,OKE,,271851.303,810119.74,648974.328,1083406.893,S-65E,,27,36,33
LJ292,S65DWX,S65DWX,S65DWX,RADT,DA,MEAN,CR10,WMD,2/23/2000,8/21/2018,0,OKE,,271851.303,810119.74,648974.328,1083406.893,S-65E,,27,36,33
LJ293,S65DWX,S65DWX,S65DWX,RADP,DA,MEAN,CR10,WMD,2/23/2000,8/21/2018,0,OKE,,271851.303,810119.74,648974.328,1083406.893,S-65E,,27,36,33
LJ294,S65DWX,S65DWX,S65DWX,RADN,DA,MEAN,CR10,WMD,2/23/2000,8/21/2018,0,OKE,,271851.303,810119.74,648974.328,1083406.893,S-65E,,27,36,33
LJ295,S65DWX,S65DWX,S65DWX,HUMI,DA,MEAN,CR10,WMD,4/4/2000,8/21/2018,0,OKE,,271851.303,810119.74,648974.328,1083406.893,S-65E,,27,36,33
LJ296,S65DWX,S65DWX,S65DWX,AIRT,DA,MEAN,CR10,WMD,2/23/2000,8/21/2018,0,OKE,,271851.303,810119.74,648974.328,1083406.893,S-65E,,27,36,33
LJ297,S65DWX,S65DWX,S65DWX,BARO,DA,MEAN,CR10,WMD,2/23/2000,8/21/2018,0,OKE,,271851.303,810119.74,648974.328,1083406.893,S-65E,,27,36,33
LJ298,S65DWX,S65DWX,S65DWX,RAIN,BK,INST,CR10,WMD,2/23/2000,8/22/2018,0,OKE,,271851.303,810119.74,648974.328,1083406.893,S-65E,,27,36,33
LJ299,S65DWX,S65DWX,S65DWX,WNDS,BK,INST,CR10,WMD,2/23/2000,8/22/2018,0,OKE,,271851.303,810119.74,648974.328,1083406.893,S-65E,,27,36,33
LJ300,S65DWX,S65DWX,S65DWX,RADT,BK,INST,CR10,WMD,2/23/2000,8/22/2018,0,OKE,,271851.303,810119.74,648974.328,1083406.893,S-65E,,27,36,33
LJ301,S65DWX,S65DWX,S65DWX,RADP,BK,INST,CR10,WMD,2/23/2000,8/22/2018,0,OKE,,271851.303,810119.74,648974.328,1083406.893,S-65E,,27,36,33
LJ302,S65DWX,S65DWX,S65DWX,RADN,BK,INST,CR10,WMD,2/23/2000,8/22/2018,0,OKE,,271851.303,810119.74,648974.328,1083406.893,S-65E,,27,36,33
LJ303,S65DWX,S65DWX,S65DWX,HUMI,BK,INST,CR10,WMD,4/4/2000,8/22/2018,0,OKE,,271851.303,810119.74,648974.328,1083406.893,S-65E,,27,36,33
LJ304,S65DWX,S65DWX,S65DWX,AIRT,BK,INST,CR10,WMD,2/23/2000,8/22/2018,0,OKE,,271851.303,810119.74,648974.328,1083406.893,S-65E,,27,36,33
LJ305,S65DWX,S65DWX,S65DWX,BARO,BK,INST,CR10,WMD,2/23/2000,8/22/2018,0,OKE,,271851.303,810119.74,648974.328,1083406.893,S-65E,,27,36,33
LJ306,S65DWX,S65DWX,S65DWX,WNVS,BK,INST,CR10,WMD,2/23/2000,8/22/2018,0,OKE,,271851.303,810119.74,648974.328,1083406.893,S-65E,,27,36,33
LJ307,S65DWX,S65DWX,S65DWX,WNVD,BK,INST,CR10,WMD,2/23/2000,8/22/2018,0,OKE,,271851.303,810119.74,648974.328,1083406.893,S-65E,,27,36,33
OH511,S65DWX,S65DWX,S65DWX,ETP,DA,SUM,PREF,WMD,2/23/2000,4/30/2018,0,OKE,,271851.303,810119.74,648974.328,1083406.893,S-65E,,27,36,33
S1491,S65DWX,S65DWX,S65DWX,ETPI,DA,SUM,CR10,WMD,2/25/2004,8/21/2018,0,OKE,,271851.303,810119.74,648974.328,1083406.893,S-65E,,27,36,33
TA696,S65DWX,S65DWX,S65DWX,HUMI,DA,MIN,CR10,WMD,4/4/2000,8/21/2018,0,OKE,,271851.303,810119.74,648974.328,1083406.893,S-65E,,27,36,33
TA697,S65DWX,S65DWX,S65DWX,HUMI,DA,MAX,CR10,WMD,4/4/2000,8/21/2018,0,OKE,,271851.303,810119.74,648974.328,1083406.893,S-65E,,27,36,33
TA698,S65DWX,S65DWX,S65DWX,AIRT,DA,MIN,CR10,WMD,2/23/2000,8/21/2018,0,OKE,,271851.303,810119.74,648974.328,1083406.893,S-65E,,27,36,33
TA699,S65DWX,S65DWX,S65DWX,AIRT,DA,MAX,CR10,WMD,2/23/2000,8/21/2018,0,OKE,,271851.303,810119.74,648974.328,1083406.893,S-65E,,27,36,33
TV994,S65DWX,S65DWX,S65DWX,ETPI,BK,INST,CR10,WMD,2/25/2004,8/22/2018,0,OKE,,271851.303,810119.74,648974.328,1083406.893,S-65E,,27,36,33
VM639,S65DWX,S65DWX,S65DWX,WNDD,BK,INST,CR10,WMD,1/25/2000,8/22/2018,0,OKE,,271851.303,810119.74,648974.328,1083406.893,S-65E,,27,36,33
VM640,S65DWX,S65DWX,S65DWX,WNDG,BK,INST,CR10,WMD,1/25/2000,8/22/2018,0,OKE,,271851.303,810119.74,648974.328,1083406.893,S-65E,,27,36,33
VN308,S65DWX,S65DWX,S65DWX,RAIN,DA,SUM,NRG,WMD,10/1/2007,7/1/2018,0,OKE,,271851.303,810119.74,648974.328,1083406.893,S-65E,,27,36,33
VN309,S65DWX,S65DWX,S65DWX,RAIN,BK,INST,NRG,WMD,10/1/2007,7/1/2018,0,OKE,,271851.303,810119.74,648974.328,1083406.893,S-65E,,27,36,33
06074,S70_R,S70,S70,RAIN,DA,SUM,BELF,WMD,6/16/1965,3/9/1998,0,GLA,,270708.71,810925.98,605029.047,1012494.408,C41N,,6,39,32
16279,S70_R,S70,S70,RAIN,DA,SUM,CR10,WMD,3/20/1995,7/1/2008,0,GLA,,270708.71,810925.98,605029.047,1012494.408,C41N,,6,39,32
16664,S70_R,S70,S70,RAIN,DA,SUM,OMD,WMD,10/21/1993,8/21/2018,0,GLA,,270708.71,810925.98,605029.047,1012494.408,C41N,,6,39,32
F9543,S70_R,S70,S70,RAIN,DA,SUM,PREF,WMD,1/2/1996,6/30/2018,0,GLA,,270708.71,810925.98,605029.047,1012494.408,C41N,,6,39,32
IY894,S70_R,S70,S70,RAIN,BK,INST,BELF,WMD,6/16/1965,3/9/1998,0,GLA,,270708.71,810925.98,605029.047,1012494.408,C41N,,6,39,32
IY895,S70_R,S70,S70,RAIN,BK,INST,CR10,WMD,3/20/1995,7/1/2008,0,GLA,,270708.71,810925.98,605029.047,1012494.408,C41N,,6,39,32
K8689,S70_R,S70,S70,RAIN,DA,SUM,TELE,WMD,3/18/1997,8/21/2018,0,GLA,,270708.71,810925.98,605029.047,1012494.408,C41N,,6,39,32
RQ466,S70_R,S70,S70,RAIN,BK,INST,TELE,WMD,3/18/1997,8/22/2018,0,GLA,,270708.71,810925.98,605029.047,1012494.408,C41N,,6,39,32
VN318,S70_R,S70,S70,RAIN,DA,SUM,NRG,WMD,10/1/2007,7/1/2018,0,GLA,,270708.71,810925.98,605029.047,1012494.408,C41N,,6,39,32
VN319,S70_R,S70,S70,RAIN,BK,INST,NRG,WMD,10/1/2007,7/1/2018,0,GLA,,270708.71,810925.98,605029.047,1012494.408,C41N,,6,39,32
16667,S71_R,S71,S71,RAIN,DA,SUM,OMD,WMD,10/21/1993,8/21/2018,0,GLA,,270201.899,810415.223,633088.688,981486.674,C41S,,36,39,32
90566,S71_R,S71,S71,RAIN,BK,INST,TELE,WMD,3/18/1997,8/22/2018,0,GLA,,270201.899,810415.223,633088.688,981486.674,C41S,,36,39,32
K8690,S71_R,S71,S71,RAIN,DA,SUM,TELE,WMD,3/18/1997,8/21/2018,0,GLA,,270201.899,810415.223,633088.688,981486.674,C41S,,36,39,32
VN320,S71_R,S71,S71,RAIN,DA,SUM,NRG,WMD,10/1/2007,7/1/2018,0,GLA,,270201.899,810415.223,633088.688,981486.674,C41S,,36,39,32
VN321,S71_R,S71,S71,RAIN,BK,INST,NRG,WMD,10/1/2007,7/1/2018,0,GLA,,270201.899,810415.223,633088.688,981486.674,C41S,,36,39,32
16666,S72_R,S72,S72,RAIN,DA,SUM,OMD,WMD,10/21/1993,8/21/2018,0,GLA,,270533.32,810024.19,653981.787,1002830.407,L60E,,15,39,33
90603,S72_R,S72,S72,RAIN,BK,INST,TELE,WMD,3/18/1997,8/22/2018,0,GLA,,270533.32,810024.19,653981.787,1002830.407,L60E,,15,39,33
K8691,S72_R,S72,S72,RAIN,DA,SUM,TELE,WMD,3/18/1997,8/21/2018,0,GLA,,270533.32,810024.19,653981.787,1002830.407,L60E,,15,39,33
VN322,S72_R,S72,S72,RAIN,DA,SUM,NRG,WMD,10/1/2007,7/1/2018,0,GLA,,270533.32,810024.19,653981.787,1002830.407,L60E,,15,39,33
VN323,S72_R,S72,S72,RAIN,BK,INST,NRG,WMD,10/1/2007,7/1/2018,0,GLA,,270533.32,810024.19,653981.787,1002830.407,L60E,,15,39,33
16663,S75_R,S75,S75,RAIN,DA,SUM,OMD,WMD,10/21/1993,3/19/2008,0,GLA,,271131.99,810738.45,614771.863,1039068.532,C41N,,9,38,32
90568,S75_R,S75,S75,RAIN,BK,INST,TELE,WMD,3/18/1997,8/22/2018,0,GLA,,271131.99,810738.45,614771.863,1039068.532,C41N,,9,38,32
K8692,S75_R,S75,S75,RAIN,DA,SUM,TELE,WMD,3/18/1997,8/21/2018,0,GLA,,271131.99,810738.45,614771.863,1039068.532,C41N,,9,38,32
VN327,S75_R,S75,S75,RAIN,DA,SUM,NRG,WMD,10/1/2007,7/1/2018,0,GLA,,271131.99,810738.45,614771.863,1039068.532,C41N,,9,38,32
VN328,S75_R,S75,S75,RAIN,BK,INST,NRG,WMD,10/1/2007,7/1/2018,0,GLA,,271131.99,810738.45,614771.863,1039068.532,C41N,,9,38,32
OQ977,S75WX,S75WX,S75WX,WNDS,BK,INST,CR10,WMD,9/1/2002,8/22/2018,0,GLA,,271130.763,810740.829,614555.693,1038942.774,C40,,9,38,32
OQ978,S75WX,S75WX,S75WX,WNVS,BK,INST,CR10,WMD,9/1/2002,8/22/2018,0,GLA,,271130.763,810740.829,614555.693,1038942.774,C40,,9,38,32
OQ979,S75WX,S75WX,S75WX,WNVD,BK,INST,CR10,WMD,9/1/2002,8/22/2018,0,GLA,,271130.763,810740.829,614555.693,1038942.774,C40,,9,38,32
OQ980,S75WX,S75WX,S75WX,RADT,BK,INST,CR10,WMD,9/1/2002,8/22/2018,0,GLA,,271130.763,810740.829,614555.693,1038942.774,C40,,9,38,32
OQ981,S75WX,S75WX,S75WX,RADP,BK,INST,CR10,WMD,9/1/2002,8/22/2018,0,GLA,,271130.763,810740.829,614555.693,1038942.774,C40,,9,38,32
OQ982,S75WX,S75WX,S75WX,RADN,BK,INST,CR10,WMD,9/1/2002,8/22/2018,0,GLA,,271130.763,810740.829,614555.693,1038942.774,C40,,9,38,32
OQ983,S75WX,S75WX,S75WX,HUMI,BK,INST,CR10,WMD,9/1/2002,8/22/2018,0,GLA,,271130.763,810740.829,614555.693,1038942.774,C40,,9,38,32
OQ984,S75WX,S75WX,S75WX,AIRT,BK,INST,CR10,WMD,9/1/2002,8/22/2018,0,GLA,,271130.763,810740.829,614555.693,1038942.774,C40,,9,38,32
OQ985,S75WX,S75WX,S75WX,BARO,BK,INST,CR10,WMD,9/1/2002,8/22/2018,0,GLA,,271130.763,810740.829,614555.693,1038942.774,C40,,9,38,32
OQ986,S75WX,S75WX,S75WX,WNDD,BK,INST,CR10,WMD,9/1/2002,8/22/2018,0,GLA,,271130.763,810740.829,614555.693,1038942.774,C40,,9,38,32
OQ987,S75WX,S75WX,S75WX,WNDG,BK,INST,CR10,WMD,9/1/2002,8/22/2018,0,GLA,,271130.763,810740.829,614555.693,1038942.774,C40,,9,38,32
OQ988,S75WX,S75WX,S75WX,RAIN,BK,INST,CR10,WMD,9/1/2002,8/22/2018,0,GLA,,271130.763,810740.829,614555.693,1038942.774,C40,,9,38,32
OQ989,S75WX,S75WX,S75WX,RAIN,DA,SUM,CR10,WMD,9/2/2002,3/26/2003,0,GLA,,271130.763,810740.829,614555.693,1038942.774,C40,,9,38,32
OQ990,S75WX,S75WX,S75WX,ETPI,DA,SUM,CR10,WMD,9/2/2002,8/21/2018,0,GLA,,271130.763,810740.829,614555.693,1038942.774,C40,,9,38,32
RQ467,S75WX,S75WX,S75WX,RAIN,DA,SUM,CR10,WMD,12/29/2003,8/21/2018,0,GLA,,271130.763,810740.829,614555.693,1038942.774,C40,,9,38,32
RQ468,S75WX,S75WX,S75WX,RAIN,BK,INST,CR10,WMD,9/2/2002,3/26/2003,0,GLA,,271130.763,810740.829,614555.693,1038942.774,C40,,9,38,32
S3320,S75WX,S75WX,S75WX,RADT,DA,MEAN,CR10,WMD,9/1/2002,8/21/2018,0,GLA,,271130.763,810740.829,614555.693,1038942.774,C40,,9,38,32
TA700,S75WX,S75WX,S75WX,AIRT,DA,MEAN,CR10,WMD,9/1/2002,8/21/2018,0,GLA,,271130.763,810740.829,614555.693,1038942.774,C40,,9,38,32
TA701,S75WX,S75WX,S75WX,AIRT,DA,MIN,CR10,WMD,9/1/2002,8/21/2018,0,GLA,,271130.763,810740.829,614555.693,1038942.774,C40,,9,38,32
TA702,S75WX,S75WX,S75WX,AIRT,DA,MAX,CR10,WMD,9/1/2002,8/21/2018,0,GLA,,271130.763,810740.829,614555.693,1038942.774,C40,,9,38,32
TA703,S75WX,S75WX,S75WX,HUMI,DA,MEAN,CR10,WMD,9/1/2002,8/21/2018,0,GLA,,271130.763,810740.829,614555.693,1038942.774,C40,,9,38,32
TA704,S75WX,S75WX,S75WX,HUMI,DA,MIN,CR10,WMD,9/1/2002,8/21/2018,0,GLA,,271130.763,810740.829,614555.693,1038942.774,C40,,9,38,32
TA705,S75WX,S75WX,S75WX,HUMI,DA,MAX,CR10,WMD,9/1/2002,8/21/2018,0,GLA,,271130.763,810740.829,614555.693,1038942.774,C40,,9,38,32
TA876,S75WX,S75WX,S75WX,WNDS,DA,MEAN,CR10,WMD,9/1/2002,8/21/2018,0,GLA,,271130.763,810740.829,614555.693,1038942.774,C40,,9,38,32
TA878,S75WX,S75WX,S75WX,WNVD,DA,MEAN,CR10,WMD,10/28/2015,8/21/2018,0,GLA,,271130.763,810740.829,614555.693,1038942.774,C40,,9,38,32
TA880,S75WX,S75WX,S75WX,ETPI,BK,INST,CR10,WMD,9/2/2002,8/22/2018,0,GLA,,271130.763,810740.829,614555.693,1038942.774,C40,,9,38,32
TP370,S75WX,S75WX,S75WX,RADP,DA,MEAN,CR10,WMD,9/1/2002,8/21/2018,0,GLA,,271130.763,810740.829,614555.693,1038942.774,C40,,9,38,32
TP371,S75WX,S75WX,S75WX,RADN,DA,MEAN,CR10,WMD,9/1/2002,8/21/2018,0,GLA,,271130.763,810740.829,614555.693,1038942.774,C40,,9,38,32
TP372,S75WX,S75WX,S75WX,BARO,DA,MEAN,CR10,WMD,9/1/2002,8/21/2018,0,GLA,,271130.763,810740.829,614555.693,1038942.774,C40,,9,38,32
TP373,S75WX,S75WX,S75WX,BARO,DA,MIN,CR10,WMD,9/1/2002,8/21/2018,0,GLA,,271130.763,810740.829,614555.693,1038942.774,C40,,9,38,32
TP374,S75WX,S75WX,S75WX,BARO,DA,MAX,CR10,WMD,9/1/2002,8/21/2018,0,GLA,,271130.763,810740.829,614555.693,1038942.774,C40,,9,38,32
VN329,S75WX,S75WX,S75WX,RAIN,DA,SUM,NRG,WMD,10/1/2007,7/1/2018,0,GLA,,271130.763,810740.829,614555.693,1038942.774,C40,,9,38,32
VN330,S75WX,S75WX,S75WX,RAIN,BK,INST,NRG,WMD,10/1/2007,7/1/2018,0,GLA,,271130.763,810740.829,614555.693,1038942.774,C40,,9,38,32
16655,S82_R,S82,S82,RAIN,DA,SUM,OMD,WMD,10/21/1993,8/21/2018,0,HIG,,271622.159,811207.234,590547.845,1068398.942,C41AN,,11,37,31
90562,S82_R,S82,S82,RAIN,BK,INST,TELE,WMD,3/18/1997,8/22/2018,0,HIG,,271622.159,811207.234,590547.845,1068398.942,C41AN,,11,37,31
K8694,S82_R,S82,S82,RAIN,DA,SUM,TELE,WMD,3/18/1997,8/21/2018,0,HIG,,271622.159,811207.234,590547.845,1068398.942,C41AN,,11,37,31
VN343,S82_R,S82,S82,RAIN,DA,SUM,NRG,WMD,10/1/2007,7/1/2018,0,HIG,,271622.159,811207.234,590547.845,1068398.942,C41AN,,11,37,31
VN344,S82_R,S82,S82,RAIN,BK,INST,NRG,WMD,10/1/2007,7/1/2018,0,HIG,,271622.159,811207.234,590547.845,1068398.942,C41AN,,11,37,31
16656,S83_R,S83,S83,RAIN,DA,SUM,OMD,WMD,10/21/1993,8/21/2018,0,HIG,,271600.76,811051.61,597368.27,1066227.549,C41AN,,13,37,31
90573,S83_R,S83,S83,RAIN,BK,INST,TELE,WMD,3/18/1997,8/22/2018,0,HIG,,271600.76,811051.61,597368.27,1066227.549,C41AN,,13,37,31
K8695,S83_R,S83,S83,RAIN,DA,SUM,TELE,WMD,3/18/1997,8/21/2018,0,HIG,,271600.76,811051.61,597368.27,1066227.549,C41AN,,13,37,31
VN345,S83_R,S83,S83,RAIN,DA,SUM,NRG,WMD,10/1/2007,7/1/2018,0,HIG,,271600.76,811051.61,597368.27,1066227.549,C41AN,,13,37,31
VN346,S83_R,S83,S83,RAIN,BK,INST,NRG,WMD,10/1/2007,7/1/2018,0,HIG,,271600.76,811051.61,597368.27,1066227.549,C41AN,,13,37,31
16599,S84,S84,S84,RAIN,DA,SUM,OMD,WMD,10/21/1993,8/21/2018,0,HIG,,271257.06,805825.23,664723.505,1047638.536,C41AS,,36,37,33
15323,SHING.RG,SCRG,SCRG,RAIN,DA,SUM,CR10,WMD,3/12/1992,8/21/2018,0,ORA,,282239.019,812701.241,511353.656,1470223.5,SHINGLE,,19,24,29
IZ032,SHING.RG,SCRG,SCRG,RAIN,BK,INST,CR10,WMD,3/12/1992,8/22/2018,0,ORA,,282239.019,812701.241,511353.656,1470223.5,SHINGLE,,19,24,29
VN390,SHING.RG,SCRG,SCRG,RAIN,DA,SUM,NRG,WMD,10/1/2007,7/1/2018,0,ORA,,282239.019,812701.241,511353.656,1470223.5,SHINGLE,,19,24,29
VN391,SHING.RG,SCRG,SCRG,RAIN,BK,INST,NRG,WMD,10/1/2007,7/1/2018,0,ORA,,282239.019,812701.241,511353.656,1470223.5,SHINGLE,,19,24,29
05912,SNIVELY_R,SNIVLY,SNIVLY,RAIN,DA,SUM,????,WMD,11/21/1966,7/14/2004,0,POL,,275818.068,812503.242,521386.031,1322640.393,CATFISH ,,9,29,29
IZ076,SNIVELY_R,SNIVLY,SNIVLY,RAIN,BK,INST,2A35,WMD,11/21/1966,7/14/2004,0,POL,,275818.068,812503.242,521386.031,1322640.393,CATFISH ,,9,29,29
T0933,SNIVELY_R,SNIVLY,SNIVLY,RAIN,DA,SUM,CR10,WMD,7/14/2004,8/21/2018,0,POL,,275818.068,812503.242,521386.031,1322640.393,CATFISH ,,9,29,29
T0934,SNIVELY_R,SNIVLY,SNIVLY,RAIN,BK,INST,CR10,WMD,7/14/2004,8/22/2018,0,POL,,275818.068,812503.242,521386.031,1322640.393,CATFISH ,,9,29,29
VN402,SNIVELY_R,SNIVLY,SNIVLY,RAIN,DA,SUM,NRG,WMD,10/1/2007,7/1/2018,0,POL,,275818.068,812503.242,521386.031,1322640.393,CATFISH ,,9,29,29
VN403,SNIVELY_R,SNIVLY,SNIVLY,RAIN,BK,INST,NRG,WMD,10/1/2007,7/1/2018,0,POL,,275818.068,812503.242,521386.031,1322640.393,CATFISH ,,9,29,29
05872,TICK ISL_R,TICK,TICK,RAIN,DA,SUM,2A35,WMD,4/26/1974,12/18/2000,0,POL,,274107.49,811112.02,595756.526,1218384.216,S-65BC,,23,32,31
IZ158,TICK ISL_R,TICK,TICK,RAIN,BK,INST,2A35,WMD,4/26/1974,12/18/2000,0,POL,,274107.49,811112.02,595756.526,1218384.216,S-65BC,,23,32,31
MX236,TICK ISL_R,TICK,TICK,RAIN,DA,SUM,CR10,WMD,1/16/2001,8/21/2018,0,POL,,274107.49,811112.02,595756.526,1218384.216,S-65BC,,23,32,31
PT514,TICK ISL_R,TICK,TICK,RAIN,BK,INST,CR10,WMD,1/16/2001,8/22/2018,0,POL,,274107.49,811112.02,595756.526,1218384.216,S-65BC,,23,32,31
VN410,TICK ISL_R,TICK,TICK,RAIN,DA,SUM,NRG,WMD,10/1/2007,7/1/2018,0,POL,,274107.49,811112.02,595756.526,1218384.216,S-65BC,,23,32,31
VN411,TICK ISL_R,TICK,TICK,RAIN,BK,INST,NRG,WMD,10/1/2007,7/1/2018,0,POL,,274107.49,811112.02,595756.526,1218384.216,S-65BC,,23,32,31
JW234,TOHO10_R,TOHO10,TOHO10,RAIN,DA,SUM,CR10,WMD,6/24/1999,8/21/2018,0,OSC,,281208.968,812101.578,543295.397,1406485.471,L TOHO,,19,26,30
PT515,TOHO10_R,TOHO10,TOHO10,RAIN,BK,INST,CR10,WMD,6/24/1999,8/22/2018,0,OSC,,281208.968,812101.578,543295.397,1406485.471,L TOHO,,19,26,30
VN412,TOHO10_R,TOHO10,TOHO10,RAIN,DA,SUM,NRG,WMD,10/1/2007,7/1/2018,0,OSC,,281208.968,812101.578,543295.397,1406485.471,L TOHO,,19,26,30
VN413,TOHO10_R,TOHO10,TOHO10,RAIN,BK,INST,NRG,WMD,10/1/2007,7/1/2018,0,OSC,,281208.968,812101.578,543295.397,1406485.471,L TOHO,,19,26,30
TF254,VENUS_R,VENUSR,VENUSR,RAIN,DA,SUM,CR10,WMD,11/8/2005,8/21/2018,0,HIG,,270450.117,812010.719,546735.014,998612.018,FISH,,17,39,30
TF255,VENUS_R,VENUSR,VENUSR,RAIN,BK,INST,CR10,WMD,11/8/2005,8/22/2018,0,HIG,,270450.117,812010.719,546735.014,998612.018,FISH,,17,39,30
VN418,VENUS_R,VENUSR,VENUSR,RAIN,DA,SUM,NRG,WMD,10/1/2007,7/1/2018,0,HIG,,270450.117,812010.719,546735.014,998612.018,FISH,,17,39,30
VN419,VENUS_R,VENUSR,VENUSR,RAIN,BK,INST,NRG,WMD,10/1/2007,7/1/2018,0,HIG,,270450.117,812010.719,546735.014,998612.018,FISH,,17,39,30
FF837,WRWX,WRWX,WRWX,WNDS,DA,MEAN,CR10,WMD,4/16/1997,8/21/2018,0,POL,,280255.42,812359.39,527203.931,1350633.748,L HATCHI,,15,28,29
FF840,WRWX,WRWX,WRWX,RADT,DA,MEAN,CR10,WMD,4/16/1997,8/21/2018,0,POL,,280255.42,812359.39,527203.931,1350633.748,L HATCHI,,15,28,29
FF841,WRWX,WRWX,WRWX,RADP,DA,MEAN,CR10,WMD,4/16/1997,8/21/2018,0,POL,,280255.42,812359.39,527203.931,1350633.748,L HATCHI,,15,28,29
FF842,WRWX,WRWX,WRWX,RADN,DA,MEAN,CR10,WMD,4/16/1997,8/21/2018,0,POL,,280255.42,812359.39,527203.931,1350633.748,L HATCHI,,15,28,29
FF843,WRWX,WRWX,WRWX,HUMI,DA,MEAN,CR10,WMD,4/16/1997,8/21/2018,0,POL,,280255.42,812359.39,527203.931,1350633.748,L HATCHI,,15,28,29
FF844,WRWX,WRWX,WRWX,AIRT,DA,MEAN,CR10,WMD,4/16/1997,8/21/2018,0,POL,,280255.42,812359.39,527203.931,1350633.748,L HATCHI,,15,28,29
FF845,WRWX,WRWX,WRWX,BARO,DA,MEAN,CR10,WMD,4/16/1997,8/21/2018,0,POL,,280255.42,812359.39,527203.931,1350633.748,L HATCHI,,15,28,29
FF846,WRWX,WRWX,WRWX,RAIN,DA,SUM,CR10,WMD,4/16/1997,8/21/2018,0,POL,,280255.42,812359.39,527203.931,1350633.748,L HATCHI,,15,28,29
IZ274,WRWX,WRWX,WRWX,AIRT,BK,INST,CR10,WMD,4/16/1997,8/22/2018,0,POL,,280255.42,812359.39,527203.931,1350633.748,L HATCHI,,15,28,29
IZ275,WRWX,WRWX,WRWX,BARO,BK,INST,CR10,WMD,4/16/1997,8/22/2018,0,POL,,280255.42,812359.39,527203.931,1350633.748,L HATCHI,,15,28,29
IZ276,WRWX,WRWX,WRWX,HUMI,BK,INST,CR10,WMD,4/16/1997,8/22/2018,0,POL,,280255.42,812359.39,527203.931,1350633.748,L HATCHI,,15,28,29
IZ277,WRWX,WRWX,WRWX,RADN,BK,INST,CR10,WMD,4/16/1997,8/22/2018,0,POL,,280255.42,812359.39,527203.931,1350633.748,L HATCHI,,15,28,29
IZ278,WRWX,WRWX,WRWX,RADP,BK,INST,CR10,WMD,4/16/1997,8/22/2018,0,POL,,280255.42,812359.39,527203.931,1350633.748,L HATCHI,,15,28,29
IZ279,WRWX,WRWX,WRWX,RADT,BK,INST,CR10,WMD,4/16/1997,8/22/2018,0,POL,,280255.42,812359.39,527203.931,1350633.748,L HATCHI,,15,28,29
IZ280,WRWX,WRWX,WRWX,RAIN,BK,INST,CR10,WMD,4/16/1997,8/22/2018,0,POL,,280255.42,812359.39,527203.931,1350633.748,L HATCHI,,15,28,29
IZ281,WRWX,WRWX,WRWX,WNDS,BK,INST,CR10,WMD,4/16/1997,8/22/2018,0,POL,,280255.42,812359.39,527203.931,1350633.748,L HATCHI,,15,28,29
IZ282,WRWX,WRWX,WRWX,WNVD,BK,INST,CR10,WMD,4/16/1997,8/22/2018,0,POL,,280255.42,812359.39,527203.931,1350633.748,L HATCHI,,15,28,29
KV261,WRWX,WRWX,WRWX,WNVS,BK,INST,CR10,WMD,4/16/1997,8/22/2018,0,POL,,280255.42,812359.39,527203.931,1350633.748,L HATCHI,,15,28,29
OU852,WRWX,WRWX,WRWX,ETP,DA,SUM,PREF,WMD,4/17/1997,4/30/2018,0,POL,,280255.42,812359.39,527203.931,1350633.748,L HATCHI,,15,28,29
TA744,WRWX,WRWX,WRWX,AIRT,DA,MIN,CR10,WMD,12/31/2003,8/21/2018,0,POL,,280255.42,812359.39,527203.931,1350633.748,L HATCHI,,15,28,29
TA745,WRWX,WRWX,WRWX,AIRT,DA,MAX,CR10,WMD,12/31/2003,8/21/2018,0,POL,,280255.42,812359.39,527203.931,1350633.748,L HATCHI,,15,28,29
TA746,WRWX,WRWX,WRWX,HUMI,DA,MIN,CR10,WMD,10/31/1997,8/21/2018,0,POL,,280255.42,812359.39,527203.931,1350633.748,L HATCHI,,15,28,29
TA747,WRWX,WRWX,WRWX,HUMI,DA,MAX,CR10,WMD,10/31/1997,8/21/2018,0,POL,,280255.42,812359.39,527203.931,1350633.748,L HATCHI,,15,28,29
TV995,WRWX,WRWX,WRWX,ETPI,DA,SUM,CR10,WMD,8/29/2003,8/21/2018,0,POL,,280255.42,812359.39,527203.931,1350633.748,L HATCHI,,15,28,29
TV996,WRWX,WRWX,WRWX,ETPI,BK,INST,CR10,WMD,8/29/2003,8/22/2018,0,POL,,280255.42,812359.39,527203.931,1350633.748,L HATCHI,,15,28,29
TZ223,WRWX,WRWX,WRWX,WNDG,BK,INST,CR10,WMD,2/12/2005,8/22/2018,0,POL,,280255.42,812359.39,527203.931,1350633.748,L HATCHI,,15,28,29
UD175,WRWX,WRWX,WRWX,WNDD,BK,INST,CR10,WMD,2/12/2005,8/22/2018,0,POL,,280255.42,812359.39,527203.931,1350633.748,L HATCHI,,15,28,29
VN428,WRWX,WRWX,WRWX,RAIN,DA,SUM,NRG,WMD,10/1/2007,7/1/2018,0,POL,,280255.42,812359.39,527203.931,1350633.748,L HATCHI,,15,28,29
VN429,WRWX,WRWX,WRWX,RAIN,BK,INST,NRG,WMD,10/1/2007,7/1/2018,0,POL,,280255.42,812359.39,527203.931,1350633.748,L HATCHI,,15,28,29
